"","Em","Fu","Un"
"2020-06-22",23891075,9100000,1335531
"2020-06-23",23892450.8934234,9102167.84476961,1331987.26180704
"2020-06-24",23893807.2241168,9104319.41595558,1328479.35992768
"2020-06-25",23895144.270227,9106454.80009928,1325006.92967372
"2020-06-26",23896462.3059462,9108574.0839535,1321569.61010027
"2020-06-27",23897761.601568,9110677.35446511,1318167.04396688
"2020-06-28",23899042.4235428,9112764.69875809,1314798.87769911
"2020-06-29",23900305.0345326,9114836.20411693,1311464.76135043
"2020-06-30",23901549.693465,9116891.95797043,1308164.34856458
"2020-07-01",23902776.6555859,9118932.04787583,1304897.29653834
"2020-07-02",23903986.172512,9120956.56150337,1301663.26598465
"2020-07-03",23905178.4922827,9122965.58662116,1298461.92109612
"2020-07-04",23906353.8594107,9124959.21108034,1295292.92950896
"2020-07-05",23907512.514932,9126937.52280074,1292155.96226727
"2020-07-06",23908654.6964556,9128900.60975674,1289050.69378767
"2020-07-07",23909780.6382122,9130848.5599635,1285976.80182437
"2020-07-08",23910890.5711019,9132781.46146354,1282933.96743459
"2020-07-09",23911984.7227421,9134699.40231363,1279921.87494427
"2020-07-10",23913063.3175139,9136602.47057193,1276940.21191423
"2020-07-11",23914126.5766078,9138490.75428557,1273988.66910668
"2020-07-12",23915174.7180696,9140364.34147839,1271066.94045201
"2020-07-13",23916207.9568449,9142223.32013907,1268174.723016
"2020-07-14",23917226.5048231,9144067.77820951,1265311.71696735
"2020-07-15",23918230.5708809,9145897.80357354,1262477.62554554
"2020-07-16",23919220.3609251,9147713.48404578,1259672.15502905
"2020-07-17",23920196.0779351,9149514.90736103,1256895.01470387
"2020-07-18",23921157.9220039,9151302.16116359,1254145.91683244
"2020-07-19",23922106.09038,9153075.33299718,1251424.57662278
"2020-07-20",23923040.777507,9154834.5102949,1248730.71219804
"2020-07-21",23923962.1750641,9156579.78036949,1246064.04456636
"2020-07-22",23924870.4720051,9158311.23040392,1243424.29759098
"2020-07-23",23925765.8545971,9160028.94744212,1240811.19796078
"2020-07-24",23926648.506459,9161733.01838004,1238224.47516098
"2020-07-25",23927518.6085988,9163423.52995687,1235663.86144432
"2020-07-26",23928376.3394511,9165100.56874656,1233129.09180235
"2020-07-27",23929221.8749132,9166764.22114952,1230619.90393722
"2020-07-28",23930055.3883818,9168414.57338457,1228136.03823359
"2020-07-29",23930877.0507879,9170051.71148111,1225677.23773095
"2020-07-30",23931687.0306324,9171675.72127144,1223243.24809617
"2020-07-31",23932485.4940202,9173286.68838344,1220833.8175964
"2020-08-01",23933272.6046946,9174884.69823326,1218448.69707214
"2020-08-02",23934048.5240708,9176469.83601841,1216087.63991074
"2020-08-03",23934813.411269,9178042.1867109,1213750.40202006
"2020-08-04",23935567.4231469,9179601.83505064,1211436.74180245
"2020-08-05",23936310.714332,9181148.86553903,1209146.420129
"2020-08-06",23937043.4372532,9182683.36243275,1206879.20031408
"2020-08-07",23937765.7421722,9184205.40973768,1204634.8480901
"2020-08-08",23938477.7772144,9185715.09120306,1202413.13158258
"2020-08-09",23939179.6883988,9187212.49031579,1200213.82128542
"2020-08-10",23939871.6196686,9188697.69029492,1198036.69003652
"2020-08-11",23940553.7129201,9190170.77408632,1195881.51299359
"2020-08-12",23941226.1080323,9191631.8243575,1193748.06761018
"2020-08-13",23941888.9428954,9193080.92349258,1191636.13361208
"2020-08-14",23942542.3534387,9194518.15358745,1189545.49297383
"2020-08-15",23943186.4736593,9195943.59644511,1187475.92989558
"2020-08-16",23943821.4356488,9197357.33357107,1185427.23078013
"2020-08-17",23944447.3696208,9198759.44616901,1183399.18421022
"2020-08-18",23945064.4039374,9200150.0151365,1181391.5809261
"2020-08-19",23945672.6651357,9201529.12106097,1179404.21380328
"2020-08-20",23946272.2779538,9202896.84421566,1177436.87783051
"2020-08-21",23946863.365356,9204253.2645559,1175489.37008808
"2020-08-22",23947446.0485584,9205598.4617154,1173561.48972619
"2020-08-23",23948020.4470536,9206932.51500268,1171653.03794371
"2020-08-24",23948586.6786352,9208255.50339769,1169763.81796705
"2020-08-25",23949144.8594222,9209567.50554853,1167893.63502931
"2020-08-26",23949695.1038822,9210868.59976826,1166042.29634957
"2020-08-27",23950237.5248555,9212158.86403192,1164209.61111253
"2020-08-28",23950772.2335782,9213438.37597356,1162395.39044821
"2020-08-29",23951299.3397045,9214707.21288349,1160599.44741199
"2020-08-30",23951818.9513297,9215965.45170555,1158821.59696475
"2020-08-31",23952331.1750121,9217213.16903462,1157061.6559533
"2020-09-01",23952836.1157949,9218450.44111408,1155319.44309099
"2020-09-02",23953333.8772279,9219677.34383356,1153594.77893847
"2020-09-03",23953824.5613886,9220893.95272659,1151887.48588477
"2020-09-04",23954308.268903,9222100.34296856,1150197.3881284
"2020-09-05",23954785.0989665,9223296.58937464,1148524.31165884
"2020-09-06",23955255.149364,9224482.76639785,1146868.08423808
"2020-09-07",23955718.5164903,9225658.94812724,1145228.53538241
"2020-09-08",23956175.2953694,9226825.20828614,1143605.49634442
"2020-09-09",23956625.5796743,9227981.62023051,1141998.80009511
"2020-09-10",23957069.4617463,9229128.25694739,1140408.28130627
"2020-09-11",23957507.0326135,9230265.19105344,1138833.77633301
"2020-09-12",23957938.38201,9231392.49479356,1137275.12319645
"2020-09-13",23958363.5983937,9232510.2400396,1135732.16156662
"2020-09-14",23958782.7689653,9233618.49828913,1134204.73274552
"2020-09-15",23959195.9796852,9234717.34066435,1132692.6796504
"2020-09-16",23959603.3152918,9235806.83791102,1131195.84679711
"2020-09-17",23960004.8593187,9236887.0603975,1129714.08028374
"2020-09-18",23960400.6941117,9237958.07811386,1128247.22777439
"2020-09-19",23960790.9008458,9239019.96067106,1126795.13848305
"2020-09-20",23961175.559542,9240072.77730023,1125357.66315774
"2020-09-21",23961554.7490833,9241116.59685193,1123934.65406473
"2020-09-22",23961928.5472313,9242151.48779567,1122525.96497301
"2020-09-23",23962297.0306419,9243177.51821925,1121131.45113884
"2020-09-24",23962660.274881,9244194.75582837,1119750.96929051
"2020-09-25",23963018.3544405,9245203.26794622,1118384.37761325
"2020-09-26",23963371.3427525,9246203.12151312,1117031.53573427
"2020-09-27",23963719.3122057,9247194.38308628,1115692.304708
"2020-09-28",23964062.334159,9248177.11883953,1114366.54700143
"2020-09-29",23964400.478957,9249151.39456325,1113054.12647966
"2020-09-30",23964733.8159442,9250117.27566418,1111754.90839155
"2020-10-01",24402430.4052484,7952607.4163557,1971568.17839581
"2020-10-02",24787291.2194353,6837098.69117683,2702216.08938781
"2020-10-03",25126638.8187687,5878061.88153487,3321905.29969641
"2020-10-04",25426769.5501781,5053548.74103858,3846287.70878322
"2020-10-05",25693097.484228,4344689.69411124,4288818.82166073
"2020-10-06",25930278.1622097,3735261.99219699,4661065.84559325
"2020-10-07",26142314.9853824,3211318.44450529,4972972.57011227
"2020-10-08",26332650.6811378,2760868.22652948,5233087.09233265
"2020-10-09",26504245.9393429,2373602.4614134,5448757.59924366
"2020-10-10",26659647.0184915,2040658.29389833,5626300.68761017
"2020-10-11",26801043.868865,1754416.057513,5771146.07362196
"2020-10-12",26930320.1028759,1508324.8930322,5887961.00409193
"2020-10-13",27049095.9561842,1296752.82735704,5980757.21645878
"2020-10-14",27158765.2227688,1114857.88176447,6052982.89546668
"2020-10-15",27260527.0092222,958477.259745456,6107601.73103231
"2020-10-16",27355413.0349727,824032.078416292,6147160.88661096
"2020-10-17",27444311.1032054,708445.46321256,6173849.433582
"2020-10-18",27527985.2796139,609072.131404217,6189548.58898185
"2020-10-19",27607093.2407738,523637.852899867,6195874.90632629
"2020-10-20",27682201.1891529,450187.40285723,6194217.40798981
"2020-10-21",27753796.6760838,387039.814957942,6185769.50895828
"2020-10-22",27822299.6261469,332749.911285688,6171556.46256735
"2020-10-23",27888071.815252,286075.228391335,6152458.95635667
"2020-10-24",27951425.0193135,245947.582624268,6129233.39806225
"2020-10-25",28012628.0199971,211448.623982129,6102529.35602072
"2020-10-26",28071912.6278531,181788.819011243,6072904.55313564
"2020-10-27",28129478.8606661,156289.381766303,6040837.7575676
"2020-10-28",28185499.3955192,134366.739306352,6006739.8651744
"2020-10-29",28240123.3964466,115519.176208769,5970963.42734463
"2020-10-30",28293479.8052592,99315.3524513768,5933810.8422894
"2020-10-31",28345680.1708447,85384.4318861449,5895541.39726917
"2020-11-01",28396821.0816772,73407.595387521,5856377.32293528
"2020-11-02",28446986.2571951,63110.7444476937,5816508.9983572
"2020-11-03",28496248.3458955,54258.2282353194,5776099.42586923
"2020-11-04",28544670.4712836,46647.4505569487,5735288.07815943
"2020-11-05",28592307.5610455,40104.233297587,5694194.20565699
"2020-11-06",28639207.4898483,34478.8302293983,5652919.67992235
"2020-11-07",28685412.0619128,29642.4999616985,5611551.43812555
"2020-11-08",28730957.8558296,25484.5596017377,5570163.58456873
"2020-11-09",28775876.9509431,21909.8516971815,5528819.19735981
"2020-11-10",28820197.5519144,18836.5664894501,5487571.88159623
"2020-11-11",28863944.5257448,16194.3696386186,5446467.1046166
"2020-11-12",28907139.8635385,13922.7925715176,5405543.34388998
"2020-11-13",28949803.0775601,11969.8486149932,5364833.0738249
"2020-11-14",28991951.5426631,10290.8432435431,5324363.61409339
"2020-11-15",29033600.7898912,8847.3512129908,5284157.85889585
"2020-11-16",29074764.7589609,7606.33717116655,5244234.90386801
"2020-11-17",29115456.0153917,6539.39962013917,5204610.58498816
"2020-11-18",29155685.9372435,5622.12092753152,5165297.94182902
"2020-11-19",29195464.8757214,4833.50851146106,5126307.61576718
"2020-11-20",29234802.2933157,4155.51441022175,5087648.19227409
"2020-11-21",29273706.8826254,3572.62224171419,5049326.49513292
"2020-11-22",29312186.6685748,3071.49209989379,5011347.83932532
"2020-11-23",29350249.0963526,2640.65526143715,4973716.24838602
"2020-11-24",29387901.1070744,2270.25171576929,4936434.64120993
"2020-11-25",29425149.2028911,1951.80451163791,4899504.99259736
"2020-11-26",29461999.5030225,1678.02575599385,4862928.47122156
"2020-11-27",29498457.7919885,1442.64982532283,4826705.55818623
"2020-11-28",29534529.5611314,1240.28997234987,4790836.14889628
"2020-11-29",29570220.0443707,1066.31504645794,4755319.64058289
"2020-11-30",29605534.2489976,916.74350647886,4720155.00749593
"2020-12-01",29640476.9822057,788.152300263268,4685340.8654941
"2020-12-02",29675052.8739539,677.5985256729,4650875.52752048
"2020-12-03",29709266.3966772,582.552080150906,4616757.05124274
"2020-12-04",29743121.8822851,500.837757507122,4582983.2799574
"2020-12-05",29776623.5368295,430.585466761675,4549551.87770376
"2020-12-06",29809775.4531662,370.187433769375,4516460.35940007
"2020-12-07",29842581.621893,318.261406153322,4483706.11670084
"2020-12-08",29875045.9408046,273.619019466212,4451286.44017592
"2020-12-09",29907172.2230715,235.2386006162,4419198.53832796
"2020-12-10",29938964.2043218,202.241786144187,4387439.55389204
"2020-12-11",29970425.5487803,173.873420245021,4356006.5777995
"2020-12-12",30001559.8545937,149.484272484362,4324896.66113382
"2020-12-13",30032370.6584594,128.516179693767,4294106.82536099
"2020-12-14",30062861.4396514,110.489272005578,4263634.07107669
"2020-12-15",30093035.6235304,94.9909906862459,4233475.38547898
"2020-12-16",30122896.5846079,81.6666464333204,4203627.74874569
"2020-12-17",30152447.6492274,70.2113020559396,4174088.13947062
"2020-12-18",30181692.0979151,60.3627937681432,4144853.53929114
"2020-12-19",30210633.1674477,51.8957313822832,4115920.93682096
"2020-12-20",30239274.0526738,44.616340092652,4087287.33098617
"2020-12-21",30267617.9081257,38.3580257998401,4058949.73384852
"2020-12-22",30295667.849449,32.9775624850841,4030905.17298856
"2020-12-23",30323426.9546751,28.3518143799299,4003150.69351059
"2020-12-24",30350898.265359,24.3749179157063,3975683.35972318
"2020-12-25",30378084.7876002,20.9558589597005,3948500.25654094
"2020-12-26",30404989.4929628,18.0163898913435,3921598.49064735
"2020-12-27",30431615.3193088,15.4892388491979,3894975.19145244
"2020-12-28",30457965.1715554,13.3165701660784,3868627.51187452
"2020-12-29",30484041.922368,11.4486607582575,3842552.62897125
"2020-12-30",30509848.4127965,9.84276217697162,3816747.74444134
"2020-12-31",30535387.4528621,8.46212227945938,3791210.08501572
"2021-01-01",30560661.822102,7.27514412977056,3765936.90275391
"2021-01-02",30585674.2700778,6.25466288018665,3740925.47525934
"2021-01-03",30610427.5168505,5.37732408416472,3716173.10582551
"2021-01-04",30634924.2534279,4.62304921304967,3691677.12352296
"2021-01-05",30659167.1421882,3.97457614452098,3667434.88323575
"2021-01-06",30683158.8172809,3.41706410652166,3643443.7656551
"2021-01-07",30706901.8850097,2.93775403552771,3619701.17723636
"2021-01-08",30730398.9241985,2.52567657621282,3596204.55012501
"2021-01-09",30753652.4865427,2.17140103987101,3572951.34205636
"2021-01-10",30776665.0969475,1.86681957633027,3549939.03623299
"2021-01-11",30799439.2538549,1.60496161997645,3527165.1411835
"2021-01-12",30821977.4295602,1.3798343633513,3504627.19060552
"2021-01-13",30844282.070519,1.18628560744838,3482322.74319547
"2021-01-14",30866355.5976467,1.01988584993725,3460249.38246754
"2021-01-15",30888200.4066097,0.876826912820393,3438404.71656347
"2021-01-16",30909818.8681103,0.753834789543795,3416786.37805498
"2021-01-17",30931213.3281652,0.648094717004815,3395392.02374014
"2021-01-18",30952386.1083784,0.557186757676364,3374219.33443494
"2021-01-19",30973339.5062087,0.479030417598038,3353266.01476097
"2021-01-20",30994075.7952328,0.411837032777143,3332529.7929303
"2021-01-21",31014597.2254032,0.354068834328187,3312008.42052802
"2021-01-22",31034906.023303,0.304403755527151,3291699.67229338
"2021-01-23",31055004.3923951,0.261705175364702,3271601.34589983
"2021-01-24",31074894.5132696,0.224995906157801,3251711.2617346
"2021-01-25",31094578.5438861,0.193435829907543,3232027.26267813
"2021-01-26",31114058.6198137,0.166302671595177,3212547.2138837
"2021-01-27",31133336.854467,0.142975469399398,3193269.00255759
"2021-01-28",31152415.3393398,0.122920363538953,3174190.53773996
"2021-01-29",31171296.144235,0.105678378507999,3155309.7500867
"2021-01-30",31189981.3174928,0.0908549190919111,3136624.5916524
"2021-01-31",31208472.8862148,0.0781107397723073,3118133.03567459
"2021-02-01",31226772.8564865,0.0671541808496346,3099833.0763594
"2021-02-02",31244883.2135969,0.0577344936014068,3081722.72866871
"2021-02-03",31262805.9222552,0.0496361017175452,3063800.02810884
"2021-02-04",31280542.9268054,0.0426736676816449,3046063.03052102
"2021-02-05",31298096.1514388,0.0366878511887603,3028509.81187341
"2021-02-06",31315467.5004034,0.0315416625280505,3011138.46805503
"2021-02-07",31332658.8582114,0.0271173274748295,2993947.11467139
"2021-02-08",31349672.0898445,0.0233135919428212,2976933.88684199
"2021-02-09",31366509.040957,0.0200434047116508,2960096.93899968
"2021-02-10",31383171.5380763,0.0172319251971266,2943434.44469183
"2021-02-11",31399661.3888019,0.0148148106707021,2926944.59638342
"2021-02-12",31415980.3820013,0.0127367437299082,2910625.60526201
"2021-02-13",31432130.2880053,0.0109501663198553,2894475.70104459
"2021-02-14",31448112.8587996,0.00941419133298039,2878493.13178628
"2021-02-15",31463929.8282155,0.00809366687821542,2862676.16369097
"2021-02-16",31479582.9121179,0.00695837180470632,2847023.08092379
"2021-02-17",31495073.8085923,0.00598232406906372,2831532.18542547
"2021-02-18",31510404.1981283,0.00514318611763367,2816201.79672856
"2021-02-19",31525575.7438029,0.00442175367553428,2801030.25177547
"2021-02-20",31540590.0914602,0.00380151624302808,2786015.90473839
"2021-02-21",31555448.8698908,0.00326827924087384,2771157.12684101
"2021-02-22",31570153.6910082,0.00280983915718285,2756452.30618205
"2021-02-23",31584706.1500238,0.00241570426128187,2741899.84756062
"2021-02-24",31599107.8256199,0.00207685449291916,2727498.17230331
"2021-02-25",31613360.2801214,0.00178553503170527,2713245.7180931
"2021-02-26",31627465.059665,0.00153507882247717,2699140.93879999
"2021-02-27",31641423.6943669,0.00131975399495094,2685182.30431338
"2021-02-28",31655237.6984892,0.00113463268575244,2671368.3003762
"2021-03-01",31668908.5706039,0.000975478260723627,2657697.42842068
"2021-03-02",31682437.7937555,0.000838648356506104,2644168.20540588
"2021-03-03",31695826.8356222,0.000721011522438896,2630779.16365687
"2021-03-04",31709077.1486747,0.00061987555506033,2617528.85070552
"2021-03-05",31722190.1703341,0.000532925885097649,2604415.82913305
"2021-03-06",31735167.3231279,0.000458172606886347,2591438.67641405
"2021-03-07",31748010.0148439,0.000393904937949424,2578595.98476227
"2021-03-08",31760719.6386836,0.000338652066511318,2565886.36097789
"2021-03-09",31773297.5734126,0.000291149490913748,2553308.4262964
"2021-03-10",31785745.1835107,0.000250310080586801,2540860.81623905
"2021-03-11",31798063.81932,0.000215199196284812,2528542.1804649
"2021-03-12",31810254.8171908,0.000185013300195754,2516351.18262427
"2021-03-13",31822319.4996272,0.000159061566401119,2504286.50021381
"2021-03-14",31834259.1754303,0.000136750070828466,2492346.8244331
"2021-03-15",31846075.13984,0.000117568198872326,2480530.86004258
"2021-03-16",31857768.6746759,0.000101076959612116,2468837.32522311
"2021-03-17",31869341.0484763,8.6898939189534e-05,2457264.95143694
"2021-03-18",31880793.5166354,7.47096634212684e-05,2445812.48329003
"2021-03-19",31892127.3215399,6.42301719741988e-05,2434478.67839595
"2021-03-20",31903343.6927039,5.52206341577588e-05,2423262.30724104
"2021-03-21",31914443.8469016,4.74748602262803e-05,2412162.15305108
"2021-03-22",31925428.9883,4.08155825785309e-05,2401177.01165927
"2021-03-23",31936300.3085894,3.5090398861305e-05,2390305.69137562
"2021-03-24",31947058.9871123,3.01682841320795e-05,2379547.01285766
"2021-03-25",31957706.1909917,2.59365922590722e-05,2368899.8089825
"2021-03-26",31968243.0752576,2.22984779335872e-05,2358362.92472026
"2021-03-27",31978670.7829722,1.91706802955486e-05,2347935.21700871
"2021-03-28",31988990.4453543,1.64816174489007e-05,2337615.55462932
"2021-03-29",31999203.1819014,1.41697482584894e-05,2327402.81808452
"2021-03-30",32009310.1005117,1.21821639369718e-05,2317295.89947627
"2021-03-31",32019312.2976038,1.04733771892062e-05,2307293.70238587
"2021-04-01",32029210.8582361,9.00428120282303e-06,2297395.14175499
"2021-04-02",32039006.8562244,7.74125466072873e-06,2287599.14376802
"2021-04-03",32048701.3542579,6.65539229310896e-06,2277904.64573552
"2021-04-04",32058295.4040154,5.72184335956266e-06,2268310.59597897
"2021-04-05",32067790.0462785,4.91924292205435e-06,2258815.9537167
"2021-04-06",32077186.311045,4.22922289295794e-06,2249419.68895093
"2021-04-07",32086485.2176404,3.63599166817523e-06,2240120.78235609
"2021-04-08",32095687.7748288,3.12597272493085e-06,2230918.2251682
"2021-04-09",32104794.980922,2.68749391329481e-06,2221811.01907547
"2021-04-10",32113807.8238878,2.31052033064571e-06,2212798.17610997
"2021-04-11",32122727.2814576,1.98642466571477e-06,2203878.71854049
"2021-04-12",32131554.321232,1.70778975636943e-06,2195051.67876644
"2021-04-13",32140289.9007857,1.46823884252913e-06,2186316.09921289
"2021-04-14",32148934.9677721,1.26228962942962e-06,2177671.03222672
"2021-04-15",32157490.4600252,1.08522882136866e-06,2169115.53997377
"2021-04-16",32165957.305662,9.33004254547643e-07,2160648.69433713
"2021-04-17",32174336.4231828,8.02132160391907e-07,2152269.57681647
"2021-04-18",32182628.721571,6.89617437004016e-07,2143977.27842837
"2021-04-19",32190835.1003918,5.9288510410508e-07,2135770.89960771
"2021-04-20",32198956.4498895,5.09721372761118e-07,2127649.55011011
"2021-04-21",32206993.6510843,4.38222981232853e-07,2119612.34891534
"2021-04-22",32214947.575868,3.76753637463441e-07,2111658.42413175
"2021-04-23",32222819.0870981,3.23906571359185e-07,2103786.91290167
"2021-04-24",32230609.038692,2.78472339845275e-07,2095996.96130782
"2021-04-25",32238318.2757192,2.39411147892117e-07,2088287.72428067
"2021-04-26",32245947.6344931,2.05829052059058e-07,2080658.36550679
"2021-04-27",32253497.9426618,1.76957501956515e-07,2073108.05733807
"2021-04-28",32260970.0192979,1.52135751418147e-07,2065635.98070199
"2021-04-29",32268364.6749872,1.30795736850151e-07,2058241.32501273
"2021-04-30",32275682.7119167,1.12449076687791e-07,2050923.28808326
"2021-05-01",32282924.9239616,9.66758944324266e-08,2043681.0760383
"2021-05-02",32290092.0967717,8.31152094761884e-08,2036513.9032282
"2021-05-03",32297185.0078562,7.14566758014248e-08,2029420.99214373
"2021-05-04",32304204.4266682,6.14334794891271e-08,2022401.57333171
"2021-05-05",32311151.1146884,5.28162324907052e-08,2015454.88531154
"2021-05-06",32318025.8255073,4.54077229176957e-08,2008580.17449263
"2021-05-07",32324829.3049074,3.90384017060112e-08,2001776.6950926
"2021-05-08",32331562.2909436,3.35625023637991e-08,1995043.70905639
"2021-05-09",32338225.5140237,2.88547050005525e-08,1988380.48597623
"2021-05-10",32344819.6969876,2.48072682913821e-08,1981786.30301233
"2021-05-11",32351345.5551854,2.13275637393912e-08,1975260.44481456
"2021-05-12",32357803.7965552,1.83359558059768e-08,1968802.20344477
"2021-05-13",32364195.1217,1.57639793943166e-08,1962410.87830001
"2021-05-14",32370520.2239634,1.35527729764398e-08,1956085.77603656
"2021-05-15",32376779.7895053,1.16517315048724e-08,1949826.21049467
"2021-05-16",32382974.4973758,1.00173482797687e-08,1943631.50262415
"2021-05-17",32389105.0195893,8.61221926682942e-09,1937500.98041072
"2021-05-18",32395172.0211969,7.40418707910397e-09,1931433.97880305
"2021-05-19",32401176.1603593,6.36560503208749e-09,1925429.8396407
"2021-05-20",32407118.0884174,5.4727044294836e-09,1919487.91158262
"2021-05-21",32412998.4499634,4.70505059951351e-09,1913607.55003659
"2021-05-22",32418817.8829108,4.0450752327714e-09,1907788.11708923
"2021-05-23",32424577.0185632,3.47767431884206e-09,1902028.98143681
"2021-05-24",32430276.4816832,2.98986248017135e-09,1896329.51831679
"2021-05-25",32435916.89056,2.57047579237173e-09,1890689.10944
"2021-05-26",32441498.8570764,2.20991628979217e-09,1885107.14292361
"2021-05-27",32447022.9867752,1.89993230917871e-09,1879583.01322474
"2021-05-28",32452489.8789252,1.63342964443264e-09,1874116.12107475
"2021-05-29",32457900.1265858,1.40430919060727e-09,1868705.87341424
"2021-05-30",32463254.3166713,1.20732736150937e-09,1863351.68332873
"2021-05-31",32468553.030015,1.03797608646201e-09,1858052.96998497
"2021-06-01",32473796.841432,8.92379639868402e-10,1852809.15856795
"2021-06-02",32478986.3197815,7.67205942447116e-10,1847619.68021851
"2021-06-03",32484122.0280283,6.59590304203902e-10,1842483.97197167
"2021-06-04",32489204.5233044,5.67069863943063e-10,1837401.47669553
"2021-06-05",32494234.3569691,4.87527224919602e-10,1832371.64303084
"2021-06-06",32499212.0746688,4.19141996693502e-10,1827393.92533118
"2021-06-07",32504138.2163962,3.60349134186685e-10,1822467.78360379
"2021-06-08",32509013.316549,3.09803120502018e-10,1817592.68345095
"2021-06-09",32513837.9039879,2.66347173802462e-10,1812768.09601206
"2021-06-10",32518612.5020938,2.28986773527664e-10,1807993.49790622
"2021-06-11",32523337.6288245,1.96866900076433e-10,1803268.37117549
"2021-06-12",32528013.7967713,1.69252467068898e-10,1798592.20322866
"2021-06-13",32532641.5132143,1.45511498366595e-10,1793964.48678569
"2021-06-14",32537221.2801773,1.25100664844503e-10,1789384.71982264
"2021-06-15",32541753.5944828,1.07552849913677e-10,1784852.40551724
"2021-06-16",32546238.947805,9.24664592225171e-11,1780367.05219497
"2021-06-17",32550677.8267243,7.94962298815116e-11,1775928.17327573
"2021-06-18",32555070.712779,6.83453288739665e-11,1771535.28722106
"2021-06-19",32559418.0825181,5.87585598191618e-11,1767187.91748189
"2021-06-20",32563720.4075532,5.05165226198383e-11,1762885.59244686
"2021-06-21",32567978.1546089,4.34305923333476e-11,1758627.84539116
"2021-06-22",32572191.7855742,3.73386023543255e-11,1754414.21442586
"2021-06-23",32576361.7575522,3.21011331154225e-11,1750244.24244785
"2021-06-24",32580488.5229098,2.75983213703418e-11,1746117.47709024
"2021-06-25",32584572.5293268,2.37271170373339e-11,1742033.47067326
"2021-06-26",32588614.2198443,2.03989248240416e-11,1737991.78015574
"2021-06-27",32592614.032913,1.75375766605843e-11,1733991.967087
"2021-06-28",32596572.4024407,1.50775885385577e-11,1730033.59755933
"2021-06-29",32600489.7578391,1.29626618624556e-11,1726116.24216088
"2021-06-30",32604366.5240709,1.11443950158647e-11,1722239.4759291
"2021-07-01",32608203.1216954,9.58117565569995e-12,1718402.87830465
"2021-07-02",32611999.9669143,8.23722838383745e-12,1714606.03308574
"2021-07-03",32615757.471617,7.08179600142614e-12,1710848.52838301
"2021-07-04",32619476.0434252,6.08843560829513e-12,1707129.95657483
"2021-07-05",32623156.0857369,5.23441343818588e-12,1703449.91426311
"2021-07-06",32626797.9977705,4.50018458017875e-12,1699808.00222949
"2021-07-07",32630402.1746079,3.86894567936486e-12,1696203.82539207
"2021-07-08",32633969.0072375,3.32625037999695e-12,1692636.99276254
"2021-07-09",32637498.8825962,2.85967871025942e-12,1689107.11740376
"2021-07-10",32640992.1836122,2.45855284229039e-12,1685613.81638781
"2021-07-11",32644449.2892456,2.11369272241979e-12,1682156.71075439
"2021-07-12",32647870.5745302,1.8172059790459e-12,1678735.42546978
"2021-07-13",32651256.4106139,1.56230730004109e-12,1675349.5893861
"2021-07-14",32654607.1647989,1.34316314600901e-12,1671998.8352011
"2021-07-15",32657923.2005818,1.15475824554451e-12,1668682.79941825
"2021-07-16",32661204.8776927,9.92780817144373e-13,1665401.12230736
"2021-07-17",32664452.5521345,8.53523890989925e-13,1662153.44786554
"2021-07-18",32667666.5762214,7.33800472279513e-13,1658939.42377857
"2021-07-19",32670847.2986173,6.30870604562834e-13,1655758.70138269
"2021-07-20",32673995.0643732,5.42378663869098e-13,1652610.93562677
"2021-07-21",32677110.2149651,4.66299448560103e-13,1649495.78503489
"2021-07-22",32680193.0883307,4.00891831135772e-13,1646412.91166929
"2021-07-23",32683244.0189063,3.44658911280435e-13,1643361.98109369
"2021-07-24",32686263.337663,2.96313758223683e-13,1640342.66233705
"2021-07-25",32689251.3721424,2.54749958405116e-13,1637354.62785764
"2021-07-26",32692208.4464925,2.19016294405128e-13,1634397.55350749
"2021-07-27",32695134.8815027,1.8829497565088e-13,1631471.11849727
"2021-07-28",32698030.9946386,1.61882922691505e-13,1628575.00536145
"2021-07-29",32700897.1000761,1.39175676719771e-13,1625708.8999239
"2021-07-30",32703733.5087362,1.19653566098004e-13,1622872.49126376
"2021-07-31",32706540.5283183,1.02869813299321e-13,1620065.47168175
"2021-08-01",32709318.4633332,8.84403100829403e-14,1617287.53666677
"2021-08-02",32712067.6151371,7.6034826901142e-14,1614538.38486289
"2021-08-03",32714788.2819634,6.53694553588162e-14,1611817.7180366
"2021-08-04",32717480.7589555,5.62001107658744e-14,1609125.24104454
"2021-08-05",32720145.3381986,4.8316946083758e-14,1606460.66180141
"2021-08-06",32722782.3087517,4.15395494252004e-14,1603823.69124834
"2021-08-07",32725391.9566785,3.57128151985731e-14,1601214.04332148
"2021-08-08",32727974.565079,3.07033944049883e-14,1598631.43492101
"2021-08-09",32730530.4141196,2.63966428506575e-14,1596075.58588041
"2021-08-10",32733059.781064,2.26939974321524e-14,1593546.21893605
"2021-08-11",32735562.9403029,1.95107204489723e-14,1591043.05969716
"2021-08-12",32738040.163384,1.67739603203894e-14,1588565.83661602
"2021-08-13",32740491.7190415,1.44210843246857e-14,1586114.28095851
"2021-08-14",32742917.8732251,1.23982452043184e-14,1583688.12677498
"2021-08-15",32745318.8891287,1.0659148832746e-14,1581287.11087136
"2021-08-16",32747695.0272194,9.16399474008274e-15,1578910.97278065
"2021-08-17",32750046.5452654,7.8785652507518e-15,1576559.45473464
"2021-08-18",32752373.6983641,6.77344238739636e-15,1574232.30163594
"2021-08-19",32754676.7389697,5.8233346193331e-15,1571929.26103035
"2021-08-20",32756955.9169206,5.00649804770223e-15,1569650.0830794
"2021-08-21",32759211.4794667,4.30423878072057e-15,1567394.52053332
"2021-08-22",32761443.6712959,3.70048511053785e-15,1565162.32870417
"2021-08-23",32763652.7345607,3.18141970065608e-15,1562953.26543931
"2021-08-24",32765838.9089049,2.735163366257e-15,1560767.09109515
"2021-08-25",32768002.4314889,2.35150321052314e-15,1558603.56851112
"2021-08-26",32770143.5370161,2.02165889515685e-15,1556462.46298397
"2021-08-27",32772262.4577578,1.73808169603033e-15,1554343.54224229
"2021-08-28",32774359.4235787,1.49428174521068e-15,1552246.57642131
"2021-08-29",32776434.661962,1.28467950566974e-15,1550171.33803799
"2021-08-30",32778488.3980337,1.1044780795707e-15,1548117.60196633
"2021-08-31",32780520.8545871,9.4955342781485e-16,1546085.14541293
"2021-09-01",32782532.2521072,8.16359988443946e-16,1544073.74789283
"2021-09-02",32784522.8087944,7.01849533907583e-16,1542083.19120562
"2021-09-03",32786492.7405883,6.0340141018574e-16,1540113.25941171
"2021-09-04",32788442.2611911,5.18762561238776e-16,1538163.73880898
"2021-09-05",32790371.5820905,4.45995966201299e-16,1536234.41790952
"2021-09-06",32792280.9125833,3.83436309268037e-16,1534325.08741675
"2021-09-07",32794170.4597973,3.29651867745223e-16,1532435.54020269
"2021-09-08",32796040.4287146,2.83411746048153e-16,1530565.57128546
"2021-09-09",32797891.0221929,2.43657705771414e-16,1528714.9778071
"2021-09-10",32799722.4409885,2.09479947142706e-16,1526883.55901153
"2021-09-11",32801534.8837772,1.80096287601421e-16,1525071.11622278
"2021-09-12",32803328.5471766,1.54834260988799e-16,1523277.45282343
"2021-09-13",32805103.6257667,1.33115727676768e-16,1521502.37423329
"2021-09-14",32806860.3121117,1.14443643427195e-16,1519745.68788828
"2021-09-15",32808598.7967805,9.83906841774103e-17,1518007.20321955
"2021-09-16",32810319.2683672,8.45894664220246e-17,1516286.73163282
"2021-09-17",32812021.9135121,7.27241393774722e-17,1514584.08648788
"2021-09-18",32813706.9169216,6.25231565099097e-17,1512899.08307838
"2021-09-19",32815374.4613882,5.37530609977023e-17,1511231.53861179
"2021-09-20",32817024.7278105,4.62131429043373e-17,1509581.27218954
"2021-09-21",32818657.8952126,3.97308457873309e-17,1507948.10478744
"2021-09-22",32820274.1407638,3.41578176200718e-17,1506331.85923622
"2021-09-23",32821873.6397977,2.93665156491115e-17,1504732.36020232
"2021-09-24",32823456.5658311,2.52472874866206e-17,1503149.43416891
"2021-09-25",32825023.090583,2.17058616367161e-17,1501582.90941699
"2021-09-26",32826573.3839932,1.86611900245497e-17,1500032.61600682
"2021-09-27",32828107.6142405,1.6043593152888e-17,1498498.38575949
"2021-09-28",32829625.9477614,1.37931654367582e-17,1496980.05223862
"2021-09-29",32831128.5492677,1.18584042210976e-17,1495477.45073235
"2021-09-30",32832615.5817645,1.0195031105492e-17,1493990.41823548
"2021-10-01",32834087.2065683,8.76497860117032e-18,1492518.79343174
"2021-10-02",32835543.5833237,7.53551892917609e-18,1491062.41667633
"2021-10-03",32836984.8700214,6.4785150216327e-18,1489621.12997858
"2021-10-04",32838411.2230152,5.56977658473079e-18,1488194.77698485
"2021-10-05",32839822.7970385,4.78850648647522e-18,1486783.20296149
"2021-10-06",32841219.7452219,4.11682479937811e-18,1485386.25477814
"2021-10-07",32842602.2191089,3.53935960547275e-18,1484003.78089106
"2021-10-08",32843970.3686733,3.04289519892724e-18,1482635.63132673
"2021-10-09",32845324.3423345,2.61606963512194e-18,1481281.65766554
"2021-10-10",32846664.2869743,2.2491147043841e-18,1479941.71302572
"2021-10-11",32847990.3479526,1.93363237949168e-18,1478615.65204741
"2021-10-12",32849302.6691232,1.66240262078698e-18,1477303.33087684
"2021-10-13",32850601.3928492,1.42921814038195e-18,1476004.6071508
"2021-10-14",32851886.6600189,1.22874234391537e-18,1474719.33998114
"2021-10-15",32853158.6100605,1.05638719875689e-18,1473447.38993952
"2021-10-16",32854417.3809578,9.08208233584161e-19,1472188.61904223
"2021-10-17",32855663.1092647,7.80814266322706e-19,1470942.8907353
"2021-10-18",32856895.9301204,6.71289794507868e-19,1469710.06987964
"2021-10-19",32858115.9772636,5.77128271916299e-19,1468490.02273637
"2021-10-20",32859323.3830477,4.96174744454855e-19,1467282.61695233
"2021-10-21",32860518.2784543,4.2657653248799e-19,1466087.72154574
"2021-10-22",32861700.793108,3.66740830933271e-19,1464905.20689195
"2021-10-23",32862871.0552906,3.15298256772747e-19,1463734.9447094
"2021-10-24",32864029.1919543,2.7107150973877e-19,1462576.80804572
"2021-10-25",32865175.3287361,2.33048428951567e-19,1461430.67126393
"2021-10-26",32866309.5899712,2.00358828890329e-19,1460296.4100288
"2021-10-27",32867432.0987066,1.72254584572406e-19,1459173.90129342
"2021-10-28",32868542.9767142,1.480925101756e-19,1458063.0232858
"2021-10-29",32869642.3445043,1.27319639268535e-19,1456963.65549566
"2021-10-30",32870730.3213386,1.09460569776612e-19,1455875.67866139
"2021-10-31",32871807.0252429,9.41065840639846e-20,1454798.97475709
"2021-11-01",32872872.5730202,8.09062951368267e-20,1453733.42697977
"2021-11-02",32873927.0802633,6.95576048995328e-20,1452678.91973667
"2021-11-03",32874970.6613672,5.98007904227621e-20,1451635.33863273
